{
	"sniper_alert_menu_title" : "Sniper Alert",
	"sniper_alert_menu_desc" : "",
	
	"enable_mod_title" : "Enable Mod",
	"enable_mod_desc" : "",
	
	"show_hint_title" : "Show Hint",
	"show_hint_desc" : "",
	
	"hint_time_title" : "Hint Duration",
	"hint_time_desc" : "",
	
	"hint_text_title" : "Hint Text",
	"hint_text_desc" : "",
	
	"show_effect_title" : "Show Effect",
	"show_effect_desc" : "",
	
	"effect_in_title" : "Fade In",
	"effect_in_desc" : "",
	
	"speed_in_title" : "Fade In Speed",
	"speed_in_desc" : "",
	
	"effect_out_title" : "Fade Out",
	"effect_out_desc" : "",
	
	"speed_out_title" : "Fade Out Speed",
	"speed_out_desc" : "",
	
	"effect_time_title" : "Effect Duration",
	"effect_time_desc" : "",
	
	"effect_color_title" : "Effect Color",
	"effect_color_desc" : "ARGB or RGB (Hex Only)",
	
	"effect_type_title" : "Effect Type",
	"effect_type_desc" : "Requires map change to update",
	"effect_type_light" : "Light",
	"effect_type_dark" : "Dark"
	
	"reset_sa_title" : "Reset Options",
	"reset_sa_desc" : ""
}
