{
	"menu_id" : "sniper_alert_menu",
	"parent_menu_id" : "blt_options",
	"title" : "sniper_alert_menu_title",
	"description" : "sniper_alert_menu_desc",
	"focus_changed_callback" : "saChangedFocus",
	"back_callback" : "sniper_alert_save",
	"items" : [
		{
			"type" : "toggle",
			"id" : "enable_mod_toggle",
			"title" : "enable_mod_title",
			"description" : "enable_mod_desc",
			"callback" : "callback_enable_mod",
			"value" : "enable_mod",
		},
		{
			"type" : "divider",
			"size" : 24
		},
		{
			"type" : "toggle",
			"id" : "show_hint_toggle",
			"title" : "show_hint_title",
			"description" : "show_hint_desc",
			"callback" : "callback_show_hint",
			"value" : "show_hint",
		},
		{
			"type" : "input",
			"id" : "hint_time_input",
			"title" : "hint_time_title",
			"description" : "hint_time_desc",
			"callback" : "callback_hint_time",
			"value" : "hint_time"
		},
		{
			"type" : "input",
			"id" : "hint_text_input",
			"title" : "hint_text_title",
			"description" : "hint_text_desc",
			"callback" : "callback_hint_text",
			"value" : "hint_text"
		},
		{
			"type" : "divider",
			"size" : 24
		},
		{
			"type" : "toggle",
			"id" : "show_effect_toggle",
			"title" : "show_effect_title",
			"description" : "show_effect_desc",
			"callback" : "callback_show_effect",
			"value" : "show_effect",
		},
		{
			"type" : "divider",
			"size" : 8
		},
		{
			"type" : "toggle",
			"id" : "effect_in_toggle",
			"title" : "effect_in_title",
			"description" : "effect_in_desc",
			"callback" : "callback_effect_in",
			"value" : "effect_in",
		},
		{
			"type" : "input",
			"id" : "speed_in_input",
			"title" : "speed_in_title",
			"description" : "speed_in_desc",
			"callback" : "callback_speed_in",
			"value" : "speed_in"
		},
		{
			"type" : "divider",
			"size" : 8
		},
		{
			"type" : "toggle",
			"id" : "effect_out_toggle",
			"title" : "effect_out_title",
			"description" : "effect_out_desc",
			"callback" : "callback_effect_out",
			"value" : "effect_out",
		},
		{
			"type" : "input",
			"id" : "speed_out_input",
			"title" : "speed_out_title",
			"description" : "speed_out_desc",
			"callback" : "callback_speed_out",
			"value" : "speed_out"
		},
		{
			"type" : "divider",
			"size" : 8
		},
		{
			"type" : "input",
			"id" : "effect_time_input",
			"title" : "effect_time_title",
			"description" : "effect_time_desc",
			"callback" : "callback_effect_time",
			"value" : "effect_time"
		},
		{
			"type" : "input",
			"id" : "effect_color_input",
			"title" : "effect_color_title",
			"description" : "effect_color_desc",
			"callback" : "callback_effect_color",
			"value" : "effect_color"
		},
		{
			"type" : "multiple_choice",
			"id" : "effect_type_mutli",
			"title" : "effect_type_title",
			"description" : "effect_type_desc",
			"callback" : "callback_effect_type",
			"items" : [
				"effect_type_light",
				"effect_type_dark"
			],
			"value" : "effect_type",
		},
		{
			"type" : "divider",
			"size" : 64
		},
		{
			"type" : "button",
			"id" : "reset_sa_button",
			"title" : "reset_sa_title",
			"description" : "reset_sa_desc",
			"callback" : "callback_reset_sa"
		}
	]
}